max_x_freq,max_x,max_y_freq,max_y,max_z_freq,max_z,max_rho_freq,max_rho,max_theta_freq,max_theta,max_phi_freq,max_phi,gt
0.39,16.074703026140853,0.39,15.68802345870469,2.5199999999999996,5.559025003324262,2.5199999999999996,6.213847098596215,0.32,4.961156143536669,0.01,2.0249675800869777,bike
1.04,20.31920625135167,0.53,9.641614516151595,1.03,35.59434255058215,1.03,47.989510852233046,0.52,3.0976847732243358,0.04,1.4206957833497624,no_task
0.01,1.0600595834646362,0.02,0.6360686580330629,6.56,0.2638827235183964,6.56,0.26250730744156575,0.22,1.1337130373551196,0.01,0.11916197732452163,sit
1.56,33.35309648044698,0.8200000000000001,19.054263608707604,1.72,38.68845528970856,1.72,55.93039944212696,0.72,3.0742667319033505,1.57,2.1484492101076396,stairsdown
1.46,73.27161650900976,0.6900000000000001,21.708190143478145,1.25,35.83871478752385,1.25,53.95562710568617,0.68,4.818526260237841,1.35,2.063428233567752,stairsup
0.14,3.0577073353551643,0.18000000000000002,2.084353296288054,0.14,2.5914333201762836,3.78,0.31547039558326706,0.01,1.4757132528424632,0.09999999999999999,0.3724884400016296,stand
1.64,44.50259597944215,0.81,20.21562429018797,1.62,80.04621809480999,1.65,74.23591569283938,0.83,3.7595956765407665,1.6,3.1778082063207798,walk
0.44,12.46215488071425,0.02,14.313127294604165,2.73,4.178449578819739,3.6399999999999997,5.027837137172309,0.45,5.0372883913549495,0.45,1.7320555545923952,bike
1.03,27.595536821509402,0.15000000000000002,11.891511756923926,0.96,13.968701608207345,1.01,20.27023193191925,0.09,2.585226008553472,0.03,1.5506901848207613,no_task
0.01,1.1998210259355029,0.02,0.5059998712948769,7.62,0.24370854660637004,7.62,0.23677156105701203,0.01,0.8063072062851102,0.01,0.13234707418816954,sit
1.35,36.257453164418116,2.34,11.45448888210804,1.29,32.86885695862298,1.29,52.95793336770218,0.64,2.394279420515954,0.01,2.077716703967766,stairsdown
1.5,56.461829410660606,0.67,30.41015119669336,1.49,36.70931938745408,1.49,66.61297787587417,0.81,3.373748877913687,1.43,2.545831938588183,stairsup
0.13,2.929214994123055,0.03,2.5515235283264075,0.13,2.303055643990483,0.01,0.47827988053838894,0.01,2.1178736031652785,0.09999999999999999,0.3230805985538832,stand
1.61,37.52477437063628,0.76,33.01524749183168,1.54,72.73800249893158,1.54,109.49746098681332,3.8699999999999997,2.42885481006829,1.51,2.128727599449166,walk
0.46,12.036559702803894,0.46,13.892345436192404,0.06999999999999999,5.071095396298619,3.84,5.208177958481532,0.46,3.710792143921987,0.05,1.0889772444806054,bike
0.97,19.303936892577898,0.01,11.613546831299718,2.07,14.312401945544961,1.06,17.918146593745043,0.49,2.1116823165234586,0.97,1.135839703181651,no_task
3.0399999999999996,0.46957576021804975,0.01,0.3661980282933882,6.359999999999999,0.16419871387860793,6.359999999999999,0.1800642597780737,0.16,0.7870127565143422,0.01,0.11317289271139463,sit
1.52,37.435812225995534,0.71,8.55167454661338,1.52,41.46584717291118,1.52,57.05122526352316,0.6900000000000001,2.10622414624657,0.01,1.5461089072020247,stairsdown
1.45,24.18260661665551,1.25,16.78824969804882,1.51,19.698523239043098,1.51,31.538044643614057,0.68,3.1042720899333816,1.22,1.6740551865185027,stairsup
0.05,2.234368147994819,0.01,7.138114122169999,0.03,2.6991296716630897,3.8899999999999997,0.3269960942518503,0.01,1.1100222065299625,0.05,0.31576139421234356,stand
1.52,19.831398264708778,0.77,9.836992915432731,1.52,23.83327027501359,1.52,33.550991214582794,0.77,1.5838844730480566,1.53,1.3696119014755426,walk
0.12,1.368866393464591,0.12,0.8112342035221018,0.04,1.2900371639139234,0.04,1.8837075880295913,0.01,0.5652363721553025,0.01,0.13906362697201605,bike
0.16,5.070660709252997,0.11,2.921576171508953,0.18000000000000002,4.997606662802896,0.18000000000000002,6.728552805598407,0.09,0.5775010100303104,0.14,0.4379373420257452,no_task
0.03,4.126978880757107,0.19,2.9985930346768943,0.11,6.942909294593474,0.05,12.838270999942562,0.11,0.6455622201866503,0.05,0.6657904011229387,stairsdown
0.09,10.874419125639033,0.08,5.720844720408137,0.08,8.105237693903605,0.08,17.81975891110848,0.060000000000000005,0.5497841638993949,0.08,0.5755668345315245,stairsup
0.35000000000000003,0.03518552910929054,0.01,0.8315281356500682,0.39,0.03312505224050327,0.060000000000000005,0.0643223541519878,0.04,0.03436998204483132,0.01,0.016038642395960808,stand
0.36,19.278007736083516,0.85,6.189242982509133,0.3,14.680878424406268,0.3,21.536105216504556,0.19,2.249682492459319,0.34,1.1431310096382934,walk
0.43,8.737546323729683,0.43,11.003208515640448,4.47,3.9356060783078424,4.47,4.358434556280286,0.46,2.032915383367067,0.03,0.8488276151731082,bike
0.05,25.216388946732547,0.51,9.263180800107218,1.14,18.5404601525299,1.14,24.640518111210174,0.01,4.079626217847414,0.01,2.524080904970519,no_task
0.01,0.8165559288361179,0.02,0.3894073365553512,6.54,0.21099593626874982,6.54,0.21099877012630666,0.15000000000000002,1.1404589480031009,0.01,0.10969880185805984,sit
1.57,43.66403466398046,2.38,10.893404717047657,1.5,17.325141996837043,1.5,26.58642739348035,0.65,1.440018493039963,0.01,1.4263257214312635,stairsdown
1.46,25.88392046688803,0.7,16.990303229472122,1.4,22.56215794677285,1.4,39.81125850830156,0.79,2.565144455127032,1.3800000000000001,1.6610271405395645,stairsup
0.03,2.919377114456149,0.06999999999999999,2.342703527729692,0.03,2.6730684075251494,5.01,0.252597905527826,0.01,1.0052627919157218,0.060000000000000005,0.26701636035741144,stand
1.57,35.58794096957448,3.86,11.363809057765405,1.56,57.112197185386364,1.56,85.18477993124621,3.84,1.5873493238273846,3.0799999999999996,1.5015421795140544,walk
0.34,13.762135193204221,0.060000000000000005,11.386162256816386,0.34,4.160953972796319,4.72,3.8920468350681343,0.08,2.342383836542099,0.08,1.6822119253358017,bike
1.1300000000000001,17.679475233372276,0.06999999999999999,12.830959284779857,1.06,19.4702350791302,1.12,27.499214139603517,0.01,3.7834865209397925,0.01,1.852652493962196,no_task
2.88,0.5348468539846438,0.02,0.9239404101715117,6.63,0.2211717744030322,6.63,0.22078099796361977,0.01,1.6614531681329918,0.01,0.17817393349253716,sit
1.29,36.32102559207167,0.67,9.654183517630187,1.36,36.905671854636864,1.36,56.82477729639952,0.6900000000000001,1.8691775496012442,0.01,1.456799891776014,stairsdown
1.54,57.68409284305028,1.32,14.033410464447487,1.32,26.781905921664023,1.52,52.074168553562586,0.6,2.1957976729302215,1.52,1.3529547511603965,stairsup
0.14,2.3038981508591267,0.08,2.1944653263783027,0.14,1.7874936615973476,3.3899999999999997,0.32505909079418194,0.01,1.183795490533719,0.09,0.22759036437374577,stand
1.58,30.12193428612039,3.82,12.230727186857008,1.55,42.178800282928435,1.55,52.89003167171114,0.75,2.357508361870306,1.51,1.6412485655237645,walk
0.12,13.45653696059733,0.52,13.106372413231133,0.12,5.565100129291752,4.3999999999999995,3.8226174062584377,0.61,1.4418547830662758,0.060000000000000005,1.157780662470559,bike
1.1300000000000001,10.003083602941608,0.04,7.1341582174162275,1.71,10.848864467957906,1.12,12.314099355577477,0.01,11.094708507928344,0.01,5.3321651545821185,no_task
2.92,0.29594383773356997,0.11,0.763410406517704,7.45,0.21287718046732607,7.45,0.21024538604436513,0.02,0.9114611067263418,0.01,0.06142368690293269,sit
1.82,36.407420223580395,0.87,7.8962012476704855,1.96,20.099769081368898,1.81,28.70484408832899,0.88,1.7365416404278406,0.13,1.2312231649517726,stairsdown
1.54,20.71893696841093,1.32,10.761701393580502,1.32,17.07687069025624,1.32,32.83228411028528,0.6900000000000001,1.8592863145482854,1.39,1.6588281468122212,stairsup
0.02,2.196033646745798,0.03,2.5166685538484987,0.02,2.121160605902214,0.01,0.45586452781025916,0.01,1.31028494054324,0.04,0.39296378660257575,stand
1.7,21.092747710166737,4.319999999999999,10.033170861364434,1.71,47.61159658434725,1.71,57.228384814792435,0.88,1.3266566435193887,1.73,1.4447911209022113,walk
0.060000000000000005,11.398938900211704,0.6,5.754046855682009,0.12,4.7153080701468575,5.42,4.046405904744272,0.6,1.4531860192453085,0.060000000000000005,1.2552038350398451,bike
0.01,57.166411467009716,0.6,8.653424797554782,1.2,17.768473567159887,1.2,27.26915490496011,0.01,8.684986324357068,0.01,5.864063235319196,no_task
0.03,1.3757956024022204,0.47000000000000003,0.3361966727258142,5.4799999999999995,0.1830261929153435,5.4799999999999995,0.18432855410478932,0.03,7.806871649096911,0.01,0.13521508367473944,sit
1.9,26.595976889669366,0.88,8.904937780393134,1.9,28.867963915551215,1.9,39.54775323675118,0.88,1.621409763053853,0.14,1.2013888409097113,stairsdown
1.53,30.385876712374195,0.71,15.552636986044192,1.32,20.665943651039566,1.53,35.823628525132754,0.6900000000000001,2.0703504528670846,1.53,0.910335557221844,stairsup
0.04,1.876827415677917,0.01,6.5385304578048435,0.02,1.927895404755289,3.19,0.3064433333830912,0.01,0.9870135604337515,0.04,0.26152330754762193,stand
1.7,37.17229738763423,0.87,14.800049157697423,1.7,23.99383020238951,1.7,44.45948458848186,0.89,2.4805309383134126,1.7,1.5643338785898435,walk
0.03,25.122312557435325,0.03,36.5300066023038,0.96,20.454427373990292,0.96,15.463213985608013,0.96,22.28817093944774,2.34,1.7161608133247603,bike
0.01,57.27746326016686,0.88,21.824411290052034,1.77,58.825430895153104,1.77,68.13444164211766,0.91,4.598803785020995,0.01,3.630524149510921,no_task
0.02,4.442088193404893,0.08,3.333867685346726,0.08,4.2993855486415935,2.59,1.046849190308501,0.08,0.4048598739295664,0.02,1.1242471426955645,sit
1.47,29.74107796043299,2.17,16.801213160427007,1.49,34.737199984364196,1.6300000000000001,37.74268080572917,0.8200000000000001,4.066493076730361,3.0599999999999996,1.5877809997844243,stairsdown
1.51,28.02775366604383,0.7,23.504373042878957,1.49,35.257110129768776,1.49,49.22365630789553,0.68,12.471661993345935,3.0199999999999996,1.3324677618336622,stairsup
0.01,6.359305733363397,0.01,14.135546318124492,2.1799999999999997,1.1522402993603853,2.1799999999999997,1.1613405277066398,0.02,4.043148987676552,0.01,0.7065165269714276,stand
1.95,39.391726991343376,5.01,26.31634103119914,3.92,49.701529523487665,2.0,52.22768097384957,4.8999999999999995,4.7762887263159906,3.86,2.588814495949015,walk
0.03,13.69799280499007,1.03,35.12801713433754,1.0,17.129678832116902,1.0,15.203789714860745,0.98,18.664017941849675,0.02,1.6197793835766554,bike
0.01,47.206207792124154,2.5199999999999996,17.002751129295113,3.42,27.99276823903529,1.66,31.695783249658874,4.2,4.368707767379582,0.01,3.2711777287439423,no_task
0.05,2.505647106338747,0.08,2.089811538158507,0.03,5.031319900302989,2.9,1.2248112913023532,0.08,0.22083825644549773,0.05,0.62565105892659,sit
1.55,25.11742801482345,0.76,28.693735482891285,1.49,46.14635272190168,1.49,56.38499865540198,0.71,5.5513210537472055,1.47,1.6662521576192808,stairsdown
1.53,34.83719256659101,0.77,60.02747748395795,1.46,30.56132046248823,1.46,40.00570217582062,0.75,5.880501659431367,3.32,1.8504702028589577,stairsup
0.060000000000000005,7.165718352582141,0.01,11.752344255908444,2.3699999999999997,1.1913018913515743,2.3699999999999997,1.155991075478672,0.04,5.160275335305298,0.05,0.3090231168377164,stand
1.96,44.73989603901102,2.9499999999999997,31.26613078766795,3.98,61.79104885877829,1.95,73.56545103602191,4.9799999999999995,7.391195743789726,1.98,4.332213863801868,walk
0.03,12.957513306606568,0.92,42.22859242187361,2.26,7.703784974900127,2.26,6.472831383415407,1.08,9.425360252052402,0.92,1.302227166473303,bike
0.01,39.935883561276874,3.84,8.94211011250429,1.74,17.849739115882333,1.74,20.672844840538716,0.6900000000000001,3.0243092327741037,0.01,2.734799310869808,no_task
0.02,1.6556115704826415,0.03,2.2359422103076647,0.03,5.031576983073554,3.3699999999999997,0.732413992749019,0.03,0.3032228870152198,0.02,0.37253082147415073,sit
1.47,22.42549843110411,0.71,13.096739680865369,1.46,33.910301847694996,1.46,41.939701137925,0.68,4.463158073108147,1.4,1.190559031604839,stairsdown
1.44,20.24515484435883,0.79,30.353019787395247,1.6,27.96941087347699,1.6,42.29290937457311,0.77,8.509220319087397,1.51,1.5745438331411508,stairsup
0.01,4.922573258261027,0.03,7.957225636308111,1.87,0.7144497225797252,2.82,0.7905301042966429,0.04,2.1242940795488767,0.03,0.29633148010228094,stand
1.96,19.02636652348688,4.72,20.736375884406762,1.93,41.52457738338472,1.93,51.057502941862055,1.92,3.5418153603928024,1.92,3.253488216825119,walk
0.02,1.2395033887673232,0.12,0.8845413306403829,0.12,0.24351009507823437,0.12,0.39146869395587625,0.03,0.9221745273043709,0.01,0.08736291913364333,bike
0.060000000000000005,0.28578651484631645,0.04,0.834469207686181,0.02,1.2865384261502935,0.02,1.127789979405199,0.05,0.1921461861037872,0.04,0.07684293759388193,no_task
0.01,1.1591288632009817,0.05,1.053382641263731,0.02,2.1218261871888764,0.02,2.6723010441524093,0.01,0.6620023454882695,0.03,0.2781909623547623,stairsdown
0.03,0.26536445013301163,0.12,0.07987686243804096,0.01,0.16939285070861182,0.01,0.09125973328320118,0.01,0.09745542757530462,0.02,0.013144948760300734,stand
0.03,17.766354882906473,0.01,26.475272023487204,4.4399999999999995,8.835520349973926,4.4399999999999995,9.026308279571618,0.93,12.109224760627763,0.96,0.9450948657240354,bike
0.01,42.05095749639133,1.67,11.688417199521725,3.36,30.28270702984432,1.71,31.06515806349373,4.01,2.6433159585420443,0.01,2.679491900437841,no_task
0.02,1.5563618418833118,0.03,2.1898587038792368,0.03,3.781970519521841,4.319999999999999,0.746240709851915,0.03,0.26981346484461416,0.02,0.361488206726183,sit
1.47,19.356725959327694,2.09,12.714796729817337,1.39,35.21334385291367,1.39,44.38844784393984,2.21,4.368323457105315,1.39,1.39654989869851,stairsdown
1.64,19.139953004960976,0.86,17.364950369042983,1.65,25.324016371943788,1.65,31.281630199541866,0.8200000000000001,8.61643362638435,3.2899999999999996,1.4278196382597392,stairsup
0.03,3.3544345040144905,0.03,10.232495152530328,4.6899999999999995,0.9015173141317777,4.39,0.9292555408162877,0.04,3.6586808291103,0.03,0.5294978519542844,stand
1.9,46.68089736546063,4.779999999999999,24.33970217795365,1.93,57.372803823973385,1.93,74.9117565125212,4.89,6.0005536913004205,3.82,2.6822458075028117,walk
0.01,17.98190478051931,0.98,30.668292765927607,2.48,10.681155789710246,5.13,7.6786775042011,1.02,16.711297802288993,0.98,1.003261367910934,bike
1.64,33.39331756769654,4.1,12.705944777673716,1.59,27.197101176055373,1.65,34.0461393726753,4.069999999999999,2.7523734453048734,3.26,2.739461984788957,no_task
0.02,2.9428605839571893,0.03,2.682872207720901,0.03,3.2815266207622824,4.24,0.7023244679124531,0.03,0.33963152331114654,0.02,0.6584563318288628,sit
1.15,12.7092713328939,2.0399999999999996,21.666236382672235,2.84,22.85438661726672,1.42,27.106996533421324,2.07,2.951862368665522,1.28,1.3804596253424357,stairsdown
1.57,14.65245772567978,0.74,20.49316054191295,1.49,30.300466167297994,1.49,40.36997732361697,0.76,7.268137721936636,3.03,1.0828317255402466,stairsup
0.05,4.453242874058863,0.02,9.55777084685715,4.83,0.9070727618085639,4.83,0.9205778138921622,0.01,2.4591178998796828,0.02,0.44274633058673907,stand
1.91,22.50514115684707,6.81,19.35655439110428,1.93,35.67022823167724,1.89,44.90872750095359,4.81,3.0940691130106535,3.8899999999999997,2.122616738360487,walk
0.03,14.86849159244238,1.19,34.70913829430263,2.4899999999999998,7.069890253231811,5.99,5.821550149936431,1.2,8.375135526593485,2.4099999999999997,1.0738866612290952,bike
0.02,25.143451594891783,4.859999999999999,9.962666485477998,1.99,26.154208810190408,1.99,32.39482381666265,1.0,2.5424854190770025,0.01,1.8964240478674832,no_task
0.02,3.105399090415089,0.03,3.25584780619713,0.03,3.0520117293455122,3.17,0.5048981252382874,0.03,0.37309001698910976,0.02,0.5925070070604498,sit
1.62,18.50277019277964,3.0599999999999996,10.650382931792917,1.95,22.15043341360823,1.95,25.032768074193754,2.7899999999999996,2.708962340671228,1.83,0.9193489428652486,stairsdown
1.95,17.73388081300668,0.87,28.042025097501934,1.75,15.816351868798815,1.72,23.141051009936806,0.89,9.011331288364332,1.69,1.1517942262718484,stairsup
0.03,2.9045902469942235,0.02,7.303623389807544,0.01,1.6565522395223597,0.01,0.7850257391963149,0.01,4.895130824836822,0.060000000000000005,0.25298974070812486,stand
1.99,23.33090690027168,4.91,13.517766699958514,1.98,39.01573979842549,1.98,37.067329221826746,4.87,2.8209516323612434,1.95,1.2151251070554245,walk
0.03,14.70419734031096,1.19,34.965866901703194,2.92,6.729910600487154,2.4,7.791953990219056,1.2,4.831000721354987,1.19,1.5306483020741102,bike
0.02,24.826448525014175,5.0,10.28065490179619,2.01,34.19575064189149,2.01,35.625347882751086,5.029999999999999,2.8460036275556386,0.01,1.8465687557741242,no_task
0.02,2.6688089997666116,0.03,3.577424523532253,0.03,3.7932147356798787,4.13,0.5639435004861696,0.03,0.43479435464732613,0.02,0.618468444569775,sit
1.71,17.648941511381214,0.87,15.411702242600397,1.93,26.877900055459108,1.93,31.43511674144385,2.7899999999999996,2.745491462460683,1.75,1.0763862241750808,stairsdown
1.95,13.643652280484119,0.96,19.633528365302325,1.75,29.902072472875386,1.75,42.08170391822843,0.86,4.234320703422634,1.75,1.0387755809562582,stairsup
0.03,2.2563730514039233,0.02,7.040960130709383,0.01,1.6378808212892024,2.71,0.9400542852142146,0.01,3.922934486059834,0.060000000000000005,0.2782058792821443,stand
2.0799999999999996,15.710612393274785,6.79,15.549067767041988,1.97,46.86622809487719,1.97,61.73358392530609,5.069999999999999,3.028327239443464,1.97,1.7143528153886283,walk
0.23,10.148777138989113,0.23,15.068443115166872,2.1399999999999997,3.6552972463444537,1.98,3.891388150594486,0.29000000000000004,4.728990839359127,0.04,1.54785034731656,bike
1.04,27.284641712529705,0.11,11.773875843149375,0.97,18.544573265496908,1.03,30.38305367716249,0.01,6.01457832699517,1.05,1.7807962736479672,no_task
0.01,3.394185432257372,0.060000000000000005,1.541316846853328,9.0,0.4869712831927015,9.0,0.5095928169604451,0.01,1.792528847378516,0.02,0.20682927223649555,sit
1.04,23.575539357703928,0.61,21.858580082685513,1.18,47.64377744746103,1.18,95.6379484821773,0.6,3.617677778355391,1.18,3.7082491919867753,stairsdown
2.9,23.237707079065157,0.7,24.16733104531679,1.3800000000000001,35.36672488263716,1.3800000000000001,35.03438346973437,0.73,2.9612830404652,1.24,2.321652082789802,stairsup
0.01,7.327846745787016,0.02,4.657537537530775,0.01,1.8388353132309698,1.61,1.115744679477175,0.01,1.8123527394870054,0.06999999999999999,0.4704887098262755,stand
1.81,29.55866725417529,2.6999999999999997,24.932678511573275,1.83,46.42549719114076,1.83,51.28809155957928,0.93,3.5674945534083076,1.8,5.835149257579966,walk
0.31,14.610119677808164,0.36,27.25946524482758,3.01,3.9912437480517826,3.01,4.612900158756348,0.28,7.303041477486672,0.19,1.2414602178208272,bike
1.0,19.44501661123844,0.11,11.29575620475078,0.99,23.619644638744393,1.02,28.394845236974497,0.01,4.921005154660964,1.01,1.937766494875179,no_task
0.01,3.166853106915154,0.04,2.218804077437304,4.6899999999999995,0.602549564382785,4.6899999999999995,0.6099848783457136,0.01,1.3560555776782879,0.02,0.08898300583953178,sit
1.28,21.64323210369789,0.61,15.062336637894218,1.25,43.02501945091253,1.25,69.84932937689827,0.77,1.7217157651649284,1.25,1.4715633939081538,stairsdown
1.29,39.91165735667407,0.62,21.944327299363085,2.1199999999999997,22.037572968188588,2.1199999999999997,24.592910401261676,0.6900000000000001,5.387592235630505,1.4,2.223833604798598,stairsup
0.41000000000000003,2.510993907978433,0.05,5.93497418429009,4.95,1.1464433364802673,4.95,1.3726027462139387,0.03,1.2708659114405416,0.03,1.0760693228288538,stand
1.79,59.00125116412562,4.46,25.43917573669412,3.57,26.771794723637747,1.8,49.02308547775497,0.88,6.590119169635814,1.8,2.6425917493881363,walk
0.31,22.49469102066208,0.31,28.679058755136843,0.61,3.795056923100959,0.61,4.417785345040833,0.31,8.437364913979962,0.03,1.3251274418287338,bike
1.02,30.406825330946923,2.53,13.361929358302403,1.03,22.34179179449709,1.02,31.454454920836767,0.04,2.9791188170166403,1.02,1.7144610292155051,no_task
3.67,0.6167542129423603,0.01,1.7032595881275463,5.029999999999999,0.43937603889718235,5.029999999999999,0.4561562280564006,0.01,2.369236779130784,0.7,0.06061557329626937,sit
1.07,20.753561937158942,0.52,16.615180191521187,1.07,20.218553019161536,1.07,28.550224322981947,0.52,3.088765946276132,2.0999999999999996,1.057965633443133,stairsdown
1.4,20.290459973565167,0.65,15.559068583119977,1.21,20.267727148613425,1.43,22.05187881018837,0.66,2.4105557182079287,1.25,1.4771415745966394,stairsup
0.03,3.06605973395283,0.04,3.1961711184688144,0.01,1.1874501099277543,3.9,0.8921166321864683,0.01,1.563290929050712,0.03,0.3783902032932237,stand
1.87,26.45920194100571,0.91,23.589592108746476,1.83,21.644459647434363,1.9,23.28216358561666,0.91,4.569476836968809,1.87,2.489168137498034,walk
0.03,4.775598102623,0.03,7.335773523068819,0.06999999999999999,1.761720947235486,0.6,2.1385158852195,0.04,1.544031198922488,0.02,0.5669188911068501,bike
0.08,5.3520335575469735,0.04,4.168280263611028,0.19,6.917152031618013,0.19,7.807862502979696,0.01,1.0274591621717997,0.09,0.6046487674832616,no_task
0.05,0.17882663151026593,0.06999999999999999,0.15277226263586396,0.06999999999999999,0.07644460595855217,0.06999999999999999,0.062262365137689235,0.05,0.0977847950111446,0.01,0.02450463343496823,sit
0.27,18.530939916459214,0.16,9.673013624001094,0.35000000000000003,9.736399151352927,0.35000000000000003,17.309480776016272,0.4,0.9926815971027415,0.35000000000000003,0.6046031121148485,stairsdown
0.42,7.306394382907385,0.64,6.2045626538696075,0.25,11.461151728062216,0.27,12.463094105271534,0.12,2.257207025473825,0.17,0.5970492378133809,stairsup
0.02,0.40402917525789717,0.01,1.062828900808955,0.16,0.16912386312885577,0.16,0.2489867783708663,0.03,0.1136423828007257,0.01,0.04626633436240843,stand
0.24000000000000002,11.265900867779363,0.16,6.135788450823301,0.2,7.111621550104585,0.2,8.857147881947466,0.09,0.8735452751607125,0.23,1.3753718105336155,walk
0.36,9.235695507682868,0.36,22.740088892000674,2.2899999999999996,2.9799747601352093,2.2899999999999996,3.47213089107464,0.37,3.4824445198088774,0.060000000000000005,0.5702831790623631,bike
0.01,14.095073604452303,0.55,9.884681729856025,1.12,14.61149659444774,1.12,24.56854240052248,0.01,2.9106410892637817,0.03,2.005638186815509,no_task
0.01,2.4275155932780335,0.52,1.0601500798083876,5.95,0.3556811217382307,5.95,0.34355274103866934,0.01,1.7619226724918102,0.55,0.06272076033650875,sit
1.22,29.461602115479863,0.59,11.616317352823128,1.27,32.90910044945522,1.27,45.08233973467624,0.62,1.656549227938791,2.4699999999999998,1.4269112675690359,stairsdown
1.53,19.516483484264775,0.75,16.16235605105062,2.2699999999999996,17.71141592408645,1.43,21.283843074817913,0.7,1.8083013294583032,1.36,2.84785115906079,stairsup
0.01,2.882977731459181,0.06999999999999999,3.290408516123262,0.04,1.305837490103558,3.7899999999999996,1.0291555706388746,0.01,0.7238020355776039,0.08,0.12862556122363367,stand
1.95,39.63556218940023,0.95,18.66927889505121,1.93,23.467072180962752,1.9,29.149034278076172,4.779999999999999,3.4970534053939786,1.92,3.9686083194815263,walk
0.14,11.02275546462605,0.3,18.803100538691137,2.67,3.497937952133367,2.67,4.647649313306644,0.27,8.08401646457792,0.27,1.1622745849999587,bike
1.05,21.779576578451326,1.57,11.76723180988383,1.04,26.218376732932914,1.04,23.585828791412844,0.04,2.9008468642296363,1.03,1.8477941938914324,no_task
0.01,2.8175254313607456,0.05,1.9777044495218943,0.03,0.47070958517274664,4.77,0.4559198683874968,0.01,1.6791399470052115,0.02,0.1257997921427004,sit
1.33,22.293885948628496,0.6,17.612504550173565,2.5999999999999996,17.494206125659616,1.16,30.534608769653047,0.61,2.3766279952491005,1.16,1.0380857730225557,stairsdown
1.1300000000000001,26.988862732236914,0.67,21.02117512752598,1.26,24.54140111249406,1.26,28.652313525380748,0.64,2.5229315275171396,1.29,1.4273165621738697,stairsup
0.02,3.4012339784346386,0.08,5.360883406184633,0.04,1.2178410307382284,2.44,0.9289904801661717,0.01,0.8582400370501937,0.16,0.18559501400638853,stand
1.87,45.40757553621081,2.8299999999999996,11.362184141475595,1.86,39.235649710635954,1.85,37.26051157768133,0.92,4.813962963510775,1.9,1.7854823067571757,walk
0.21000000000000002,9.201505872243303,0.21000000000000002,11.85272783910278,0.21000000000000002,3.4865841287042447,3.46,3.5224795058232647,0.49,4.700332249301282,0.05,1.0943413593938098,bike
1.4,18.41773783970712,2.0799999999999996,8.264048498636539,1.29,16.24869754788085,1.3800000000000001,16.54974162943514,0.67,2.4070396626209276,1.26,0.9544838776743478,no_task
0.01,2.2692485765186667,0.05,0.7168499330829251,0.01,0.5113404984585704,0.01,0.6453476952818237,2.5,0.8587330372835041,0.02,0.09195872182245503,sit
1.6,15.947946163272146,2.34,9.747252675776226,1.79,15.433177029210645,1.79,19.2833249394164,0.81,3.142036200637715,1.45,0.9454503994692858,stairsdown
0.7,11.738415640972063,0.7,30.146137621444726,1.51,20.707967969467127,1.51,29.911533463588654,0.63,1.882585284529784,1.49,1.2605600360386986,stairsup
0.01,4.083599116974553,0.02,2.320980071738395,0.02,1.2037574919309442,4.55,0.882529329811495,0.01,1.1794969045864283,0.04,0.29724752814074096,stand
1.95,20.728379062831653,4.85,11.4910251752405,1.98,30.73118766927443,1.96,33.57051980426252,2.9099999999999997,3.4458633961297673,1.93,4.318786482101439,walk
0.49,13.099529280364827,0.49,16.3410516056955,0.21000000000000002,3.019480832550937,2.8699999999999997,3.082823849182936,0.49,4.516030266349372,0.05,0.9644794863809604,bike
1.39,16.06262285970482,0.03,9.546515490156459,1.36,14.284640209535105,1.33,18.01397251312241,0.05,1.9597173165531068,1.39,1.710579813071666,no_task
0.23,0.7116860885105296,0.01,1.0113404679852382,4.46,0.3531630681020684,4.46,0.36539131007877773,0.01,1.4745662415508904,0.23,0.07205023202985875,sit
1.56,32.22058435726458,0.81,16.395676480249584,1.48,19.131276367117554,1.56,36.07656857572476,0.81,2.6986851215680643,1.56,1.2847269748189851,stairsdown
1.5,18.87385533500021,0.63,9.283567116014103,1.47,26.455893575037774,1.5,23.280454950226403,0.63,1.6770075963698359,1.55,1.3674487992227298,stairsup
0.04,2.6399773871881536,0.060000000000000005,2.995834956437663,0.02,0.9628675846725947,4.45,0.7872116542752712,0.060000000000000005,0.9151449530909538,0.04,0.2809842725056646,stand
1.93,34.548906885953315,0.95,10.06456869019323,1.93,19.544405885310606,1.93,38.08821633467962,0.95,1.9587460144786477,1.95,2.4352545217080626,walk
0.04,16.319781108876086,0.58,23.05145490741266,1.21,16.95954369335981,1.08,20.08411211678391,0.51,8.845776970817493,0.09,2.0229009920423904,bike
0.01,34.169885012882744,0.09,10.728082119925022,0.87,22.494585283768618,0.87,28.02193575338015,2.3299999999999996,3.504159558472881,0.02,1.757938488959612,no_task
0.02,2.7097180864728863,0.02,0.7672808518804053,0.01,2.3513430136123747,5.22,0.541532498089948,0.02,0.12703906969174691,0.02,0.29395337273981303,sit
1.58,33.7617608226221,2.4299999999999997,24.57291400407528,2.09,28.55617368347982,1.83,28.10184438203536,0.62,3.548454210070529,1.91,2.10447122263637,stairsdown
1.95,25.21604922433387,0.86,23.958356010088117,3.13,29.69455436236476,1.56,29.52217808231014,0.85,6.695464539703523,1.74,1.6360652997296927,stairsup
0.060000000000000005,1.9943378920404733,0.59,0.5392039786673262,4.41,0.6934368290993865,4.41,0.6473863847110879,0.01,1.3230431670654663,0.01,0.7946735923687165,stand
2.0199999999999996,72.0571917414882,3.01,21.54274778173741,2.01,43.80280590818553,2.01,50.78751745138434,5.069999999999999,7.078136000754503,2.0,5.8867930896538425,walk
0.02,57.622719098723806,0.87,19.103899863808707,1.62,18.27772457812623,1.62,21.3650811919397,0.73,9.470806945940232,0.01,2.382651731996343,bike
0.01,45.05413926442595,0.08,12.020850229512304,0.89,24.40189227244297,0.89,26.590362720238932,0.01,4.418128857065313,0.060000000000000005,1.5279601502146778,no_task
0.02,2.9293448159898956,0.02,0.568525010217316,0.01,2.0617106617649354,5.13,0.5007849092718462,0.02,0.15528865514066473,0.02,0.3276159359692366,sit
1.22,28.013506206085804,2.4,17.197262367998057,1.66,36.16369148537178,1.57,38.801292154485154,3.6999999999999997,3.7287348828608677,5.18,1.6881217225904355,stairsdown
1.47,25.447626544827294,0.77,36.21508525090945,1.6,36.83700881120182,1.6,58.850014045150346,0.13,3.830197223413151,1.69,1.8892794487333628,stairsup
0.09,1.950724547097899,0.5700000000000001,0.6190344895329295,5.26,0.6131285971238867,5.26,0.510502155154981,0.01,1.0638673678894628,0.01,0.8624341968195712,stand
2.0199999999999996,49.4899930953618,1.01,39.86014939241562,2.0,53.46981104049268,2.0,32.47173175322138,5.02,7.248434294037183,1.99,2.6932049125412685,walk
0.02,30.923018886165945,0.52,16.33192093228088,0.02,16.515897898264715,1.24,14.974477751656357,0.76,6.0550452074749455,0.03,2.878048413859897,bike
0.01,33.785436189249694,0.13,8.514693639984596,0.8200000000000001,13.615121873837566,0.8200000000000001,15.540584028061499,0.01,2.515285621525931,0.03,1.4163347567359428,no_task
0.060000000000000005,2.1075394439103605,0.03,0.23888382708019845,0.01,1.2305536219466422,6.9799999999999995,0.244961473065725,0.13,0.0909109164758089,0.060000000000000005,0.23723957748929708,sit
1.29,17.23387162462831,2.23,12.377136099650924,1.52,17.494426177409192,1.35,22.499294424634346,2.76,3.5342027294049907,1.53,1.252786771278955,stairsdown
1.68,16.82771724202596,0.76,34.10489462901108,1.46,25.841372286445438,1.47,30.676097096090242,0.72,3.283923496073843,1.47,2.2692236021887706,stairsup
0.08,1.0767163250350273,0.72,0.3885102475450466,0.17,0.3561464225857538,4.859999999999999,0.28138759251545986,0.01,0.7985164072373949,0.01,0.6004154635355936,stand
1.98,31.267195879902946,4.99,15.789221078804779,1.99,22.843115289197627,1.99,39.26528743863884,1.0,6.110987062279936,1.99,2.3785806459106142,walk
0.03,0.07450381916109647,0.04,0.0224103889611835,0.02,0.0540343644609692,0.02,0.06005749000576168,0.04,0.004597421499658816,0.03,0.009284614506522803,sit
0.01,1.9280261578601974,0.02,0.3497708235262153,0.04,0.9431669371837738,0.04,0.9920151664410067,0.01,1.015957632383637,0.01,0.09410341164061592,stairsdown
0.060000000000000005,1.4955293518222794,0.03,2.346775789702798,0.02,6.644696218492446,0.02,6.71975980388431,0.02,0.5434338007540185,0.05,0.1256369221062732,stairsup
0.01,39.15948471460608,0.59,13.418865532490646,0.01,12.367467493708753,1.04,13.13559498104541,0.5700000000000001,5.727610050154516,0.060000000000000005,1.8161332720018413,bike
0.01,36.61634324819555,2.1399999999999997,5.2296505772615545,0.72,12.670300487424546,0.79,17.570288901762627,0.01,3.0388852418994308,0.79,0.9978064306394422,no_task
0.060000000000000005,2.8671914955470648,2.82,0.1677555763211891,0.01,1.4592398561455813,6.7299999999999995,0.4657505429368675,0.14,0.04658080076756841,0.060000000000000005,0.3195407234112019,sit
1.65,17.584639782590276,2.2899999999999996,19.365730900936324,1.7,25.684682941419332,1.49,29.622064131301496,2.26,4.1068679102994246,1.92,1.3930286830836316,stairsdown
1.7,28.96695091106594,0.88,10.660950532561035,3.59,22.224016807360723,3.59,19.781252717225826,0.75,4.3673658052351785,1.71,1.657724808111636,stairsup
0.060000000000000005,1.3897157695846307,0.49,0.40046011687988214,4.21,0.48559732742526784,4.21,0.45674560364434647,0.01,1.1625625429930038,0.01,0.5190980794785068,stand
1.98,37.055184330443026,2.94,15.434436196752724,1.93,26.735490375547755,1.95,37.82801815865178,4.85,3.2690687472773554,1.95,4.366406980563455,walk
0.01,23.186967225811,0.71,11.507852596927831,1.44,15.061877820465863,1.44,16.88377301410375,0.54,5.649731661227667,0.05,1.3617085557247448,bike
0.01,23.675245716806568,0.09999999999999999,6.794361277227828,0.8200000000000001,13.806558088439905,0.81,15.365521150200848,0.03,2.8275631136018617,0.02,2.2549239370177503,no_task
0.05,1.669112308173036,0.02,0.4291445169196697,0.01,1.5938047683679697,5.3,0.3975370703221996,0.02,0.061336941298869824,0.05,0.1943042264386748,sit
1.36,21.97025113942231,2.3499999999999996,11.91422134105786,1.67,23.917184009432425,1.45,30.213942763863383,2.1999999999999997,3.3253661590381056,1.45,1.8429371370309715,stairsdown
1.44,17.7090875907427,0.79,20.718880836771472,1.59,22.833280420952565,1.59,35.650208516298676,0.76,5.584193925158056,1.55,2.228129769877582,stairsup
0.19,1.2008660516627796,0.65,0.3183372807770668,4.22,0.4014548530256752,0.01,0.41748981514689537,0.01,0.7611213017689733,0.01,0.43821749362276147,stand
1.99,50.62071216978182,4.9799999999999995,17.754322880382553,1.98,56.3099526737902,1.98,62.953615789152686,1.0,7.814566318576269,2.05,1.3915090394536391,walk
0.02,25.560760071217267,0.91,14.400525206315674,0.02,12.26023151105689,1.79,13.17026417823789,0.01,3.368909105533022,0.08,1.3757398228917168,bike
0.01,34.17092926343427,0.24000000000000002,7.353216465979583,1.04,14.96745769247293,1.04,13.634145664847315,0.01,2.787946330684802,0.03,1.1079768779018555,no_task
0.02,1.1776101118015685,0.03,0.23992626303111805,0.01,0.8049850340313771,4.75,0.25034407075507664,0.03,0.07386844573886128,0.02,0.12032997520942039,sit
1.96,15.749494165984398,3.11,11.749092397128116,1.87,35.9699297174893,1.87,39.95645978153869,2.86,2.355212129261343,2.13,1.21100825985412,stairsdown
1.73,19.537312656548067,0.78,16.37821102472051,1.75,14.84901077504655,1.75,21.87238002710187,0.9,2.9224267581733265,1.87,1.4671640312930667,stairsup
0.13,1.096626885788575,0.65,0.25626277875288644,0.15000000000000002,0.36297788576065537,3.5,0.3984747680004015,0.01,0.394219624641718,0.01,0.36241760281267166,stand
1.99,35.876615381644754,5.02,14.512702143883427,2.01,52.243844942405445,2.0599999999999996,54.835281813708114,1.01,7.681365628992491,2.07,1.7121428651544401,walk
0.02,27.636929193645265,0.93,15.044464272337237,0.02,12.941192636051406,1.75,12.95151306205916,0.9400000000000001,5.25406279945711,0.08,1.5767508186368875,bike
0.01,33.40761933209545,0.15000000000000002,7.757817446496289,1.05,9.398449923088856,1.08,11.504714338636116,0.01,2.026950707857183,0.03,1.2096668698490782,no_task
0.060000000000000005,1.5133787149267086,0.09999999999999999,0.21743366566712996,0.01,0.8041054052744235,5.1499999999999995,0.26628963843641174,0.09999999999999999,0.07539226284892049,0.060000000000000005,0.15560503266430778,sit
1.9,13.60174675493798,4.92,8.78789651444739,1.87,17.443473206041343,1.87,21.499851963521852,4.39,2.9365193693139706,1.77,0.9158613517769547,stairsdown
1.58,17.932542633527298,0.89,10.799971341187925,1.65,13.64659592804671,1.65,18.79574870967224,0.86,3.531715754254836,1.78,1.8612797142298352,stairsup
0.15000000000000002,0.8368614912071679,3.09,0.28798934878519333,3.19,0.3775310919207083,3.19,0.39068493427281525,0.01,0.5631591557795732,0.01,0.30449870078534935,stand
2.0399999999999996,27.92550853488645,5.05,10.840132109596581,2.11,19.157135493339126,2.11,26.398515842293524,1.01,4.161678631896565,2.0199999999999996,3.4989366448208203,walk
1.76,10.147809475072593,0.93,47.29995819044888,1.75,27.274708260668817,1.75,24.660234388966337,0.93,16.554052838580517,1.76,2.0938304252096414,bike
0.01,36.22294783424707,1.11,19.34792659915092,2.26,34.82153840212421,2.26,35.87650801217996,1.03,5.44211946389585,0.01,1.7111832194221641,no_task
0.01,0.48448079272979794,0.03,2.313826256647946,7.92,0.3054297135720444,7.92,0.27186916453559823,0.03,0.5813894965963762,0.01,0.07230822761021427,sit
4.18,31.098069869876404,2.4499999999999997,19.051004284402612,1.84,100.57974205863412,1.84,104.6039702256556,2.4099999999999997,3.645560821973488,1.97,2.740347146999937,stairsdown
5.63,30.326912602378084,0.9,26.488847922654976,1.8,37.407882230786576,1.8,30.962741751588332,0.63,5.804746824976501,0.02,2.769638136624904,stairsup
0.08,1.9833850811952067,0.01,2.5485479073904966,4.3999999999999995,1.251286130603576,4.3999999999999995,1.1470943338908246,0.02,1.2871013660895645,0.05,0.18360239219045107,stand
2.0399999999999996,63.202950478137794,1.02,61.530490075348595,2.0599999999999996,67.65330768935392,2.0599999999999996,83.24824758960366,5.1499999999999995,7.884282797301793,2.0599999999999996,3.3756698092089947,walk
0.03,10.60447033715822,1.1300000000000001,30.688391460188605,2.3099999999999996,30.349346205557037,2.3099999999999996,27.278480509788423,0.01,20.167248040732083,0.01,3.1466674576099236,bike
0.01,27.968580491583516,1.09,23.120863608620983,2.23,42.52395115129955,2.23,48.16354523630124,3.4299999999999997,5.953179668526063,0.01,1.4749949735971772,no_task
3.44,0.4386721056403323,0.03,2.5709915628133744,0.04,0.34094353022200097,6.819999999999999,0.29369133980346646,0.03,0.6816427442390043,0.01,0.05855286457631065,sit
6.17,38.35924900991416,2.88,21.21352193891793,2.05,86.6830131668025,2.05,91.08373601944908,3.26,3.7488884494374197,2.0399999999999996,3.639707488843037,stairsdown
6.29,21.71425296091627,0.84,23.99784596674872,1.82,33.73460430727243,1.82,23.151336621782473,0.96,5.249891251952026,0.13,3.4916616942020284,stairsup
0.02,1.9594177525076226,0.01,2.6624524727091927,4.39,1.5917509600534263,4.39,1.3788200150512728,0.02,1.1405104520670395,0.06999999999999999,0.23776731931442774,stand
2.0799999999999996,43.00497452776203,1.08,66.89811848355366,2.15,94.43072445854472,2.15,112.94863341559649,3.19,9.509125248124354,2.1199999999999997,3.2803590503133084,walk
0.02,14.03243737483857,0.89,28.079828862135866,1.83,20.75760996563941,1.83,16.89546194665648,0.89,13.066813562431719,0.04,1.2929285425754307,bike
2.23,27.13113182737137,0.02,11.64097002704546,2.2699999999999996,36.51962030641726,2.2699999999999996,42.89334292335424,1.11,6.223239978260526,0.01,1.5292930958981568,no_task
4.89,0.3381588865713435,0.04,1.6896139039107902,0.03,0.1946104201016246,8.07,0.18257434351528318,0.04,0.5475951840359652,2.8899999999999997,0.03525232028363574,sit
1.16,17.313853976776983,2.4899999999999998,11.353861478897871,1.56,43.16365018234287,1.82,39.800344830955005,2.73,2.1407745090396317,1.5,2.1348214987074154,stairsdown
3.9299999999999997,16.607418371903485,0.84,17.96199315199314,1.94,35.968948082496134,1.94,28.524047302685304,0.68,3.5840728141041933,1.97,2.062563251233179,stairsup
0.08,0.9814065965835568,0.01,1.9329913839104813,4.72,1.0427884873093118,4.72,0.9785320716555497,0.02,0.6490991441394786,0.11,0.13202270898229448,stand
2.0799999999999996,30.205015566236277,1.05,29.8767651680176,2.07,70.08299819649427,2.07,84.27830687563414,5.069999999999999,4.41363015743583,2.07,1.9209529441294866,walk
0.02,2.2112628432595263,0.03,9.611703559635746,0.06999999999999999,4.673050268297405,0.06999999999999999,3.9704596996830297,0.03,2.7551232383201185,0.12,0.20980771918422228,bike
0.5700000000000001,4.852569891104446,0.03,3.816981748466566,0.24000000000000002,6.79544233026538,0.24000000000000002,5.918519017679029,0.26,0.8918570507083997,0.2,0.6391664979460681,no_task
0.03,0.0777679895963823,0.09999999999999999,0.020140926946208785,0.06999999999999999,0.02044281328262857,0.06999999999999999,0.025484366340886116,0.09999999999999999,0.006513595163997009,0.03,0.008697605424272517,sit
0.09,5.766684436511852,0.19,5.378281016996113,0.12,10.802937600153967,0.12,10.394046271041562,0.18000000000000002,1.5443547140816654,0.13,1.0969729827206003,stairsdown
0.09999999999999999,8.156352222534565,0.22,17.000922960029563,0.16,9.530577474529641,0.16,8.05353722877551,0.37,2.1991847741663357,0.15000000000000002,1.5672134217058586,stairsup
0.15000000000000002,6.193533746465194,0.04,16.692321435474295,0.08,16.908685564975123,0.08,18.162092283892513,0.16,1.5098909590745955,0.04,0.4106860898841612,walk
0.02,15.64916609298396,0.9,24.66031461676912,2.0799999999999996,17.68871988217038,2.0799999999999996,15.128736064068347,0.9,9.767976153885611,1.81,1.2236077888465187,bike
2.32,30.58706806291397,3.4899999999999998,14.65807005095106,2.3099999999999996,36.28306716201841,2.3099999999999996,41.844609418276065,1.16,4.350398162065587,0.01,1.4085130355158155,no_task
4.05,0.34682921867938377,0.03,1.5979090408870689,0.060000000000000005,0.39371108139626176,0.01,0.21222186193337192,0.03,0.4397170031825649,3.63,0.03793716924823247,sit
2.05,15.865451396089862,3.1399999999999997,11.142118303488479,2.2399999999999998,49.64808672236307,2.2399999999999998,44.72596877559158,1.0,2.770318314404614,0.13,2.4778553294549237,stairsdown
1.66,17.44074806985927,0.84,22.405822093764087,1.95,26.815897406662792,1.95,23.612718021818296,0.74,5.263263353392771,1.75,1.5616665888936234,stairsup
0.02,1.6354552767171806,0.01,2.3169426900733074,4.68,1.5450765859569455,4.68,1.4291599732128955,0.02,0.6820996056776115,0.11,0.15499153825386386,stand
2.0399999999999996,28.070437994879715,1.05,32.43341687005464,2.15,42.873805138437625,2.15,48.71088056296034,3.09,7.101861149366077,2.07,3.1063587504335297,walk
0.02,12.831799753812817,0.91,32.381240198421914,1.75,15.033332173939218,1.75,12.260020755294684,0.91,15.629576362484825,1.84,1.5393252406288775,bike
0.01,48.81904738678433,1.12,15.089504563134627,2.32,48.898983490334146,2.32,57.41509810395388,3.6599999999999997,3.5701993362465516,2.38,1.2966232747850315,no_task
0.01,0.4199194600090841,0.03,1.533122383331884,8.86,0.23767028051665592,0.01,0.315310058763817,0.03,0.41631124491041227,0.01,0.035957639646651024,sit
2.07,17.522810200104505,2.46,13.712775724821022,2.11,35.16522442292467,2.11,35.1941159518983,1.78,2.8295158511713034,2.0399999999999996,2.5187360791327786,stairsdown
1.62,13.175376056039454,0.68,24.04574995310676,1.9,20.955988335322044,2.0599999999999996,17.333760253870995,0.7,7.350762092842287,1.78,1.4808842539698956,stairsup
0.08,1.2461038538355926,0.01,2.187338106342056,5.06,0.9409749705126663,5.06,0.9460955993349633,0.02,0.8910144505165484,0.04,0.2717725771722363,stand
2.03,30.101506502313804,1.04,40.19797850538819,2.07,43.62730811965476,2.07,44.846402216530876,3.13,5.2305827373906455,2.1399999999999997,1.408217267424949,walk
0.02,13.59478892871734,1.21,32.43569221965042,2.4099999999999997,12.866346540704361,2.5,10.362262892243681,1.21,12.390179035488263,2.3499999999999996,1.5136078892586664,bike
2.71,20.98605598319639,1.35,19.276759815456163,2.8699999999999997,21.792963766707096,2.8699999999999997,25.68437090445924,1.37,4.79986098482837,2.7899999999999996,1.0551763939776628,no_task
3.6199999999999997,0.30962739706751463,0.05,0.7758257772609695,5.3999999999999995,0.2212965923956398,5.3999999999999995,0.23755958243150646,0.05,0.2125889781577379,0.01,0.037827404259280314,sit
2.4,13.995416789097431,3.36,9.649244977640565,2.55,40.83867864229413,2.55,42.938745059618014,4.06,3.072560585709768,2.63,1.182263360280822,stairsdown
1.69,14.653410111593375,1.16,17.209020462726524,2.36,28.108136123651608,2.36,22.469846775470515,0.87,3.6616127725404373,0.15000000000000002,2.5797253614331312,stairsup
0.13,1.055002739151614,0.01,1.6478965189326586,3.67,1.0128797096714321,3.67,0.9776957840816104,0.19,0.2536106335239353,0.03,0.23790475131510208,stand
2.1199999999999997,29.915772367732174,1.04,30.60572635557507,2.0999999999999996,32.51517182405438,2.0999999999999996,41.07340251997766,3.1599999999999997,6.19885466043448,2.0999999999999996,1.854867471799034,walk
0.02,12.971078327204218,1.23,29.199497567959998,2.3299999999999996,17.209842540966616,2.3299999999999996,14.504522914011822,1.23,11.338267637267094,2.36,1.1916424277610085,bike
0.01,16.132402962171707,1.32,13.365313538015249,2.78,18.66646276344774,2.78,21.431026601973784,1.24,4.041290897296774,2.6999999999999997,0.9994885583131262,no_task
2.07,0.2392669584471082,0.05,0.648683483390839,0.03,0.2563890912828758,6.06,0.2075026173371809,0.05,0.21141170216031357,2.07,0.02479486248757669,sit
1.83,15.856205451201161,3.53,11.563094626731333,2.59,34.788854126905164,2.4499999999999997,34.41818021558881,0.86,2.543961799276196,2.73,2.3517155944295465,stairsdown
4.47,16.29489800847118,0.9400000000000001,15.862144661059332,2.2399999999999998,20.370021879408444,2.26,16.497519953714946,0.91,3.0894226367063946,0.15000000000000002,2.589536048556272,stairsup
0.13,0.5985026202969383,0.01,1.435939215219353,3.9099999999999997,0.7837696114723982,3.9099999999999997,0.8051745855309203,0.02,0.2445232128039771,0.03,0.17215686268055366,stand
2.07,22.80426627274742,1.09,18.17284043978893,2.09,28.897350771708773,2.09,34.62653276751241,1.08,4.095744035721511,2.0999999999999996,2.0808344325692856,walk
1.84,17.475933940261882,0.88,28.544425391649035,1.91,12.876446682249066,1.91,12.469930202473252,0.76,5.712220333213845,0.88,1.0829391957794627,bike
0.02,47.11083651369622,0.13,17.38027939062374,1.71,32.57281895159696,1.71,36.57837525430067,0.01,8.986111202912273,0.01,6.5220320150177145,no_task
0.03,2.8244740410000366,0.02,1.0072354126282046,0.01,4.202960542992321,5.18,1.099167505861727,0.02,0.11827364110825807,0.03,0.4377826386669428,sit
1.45,13.940482256508263,2.3299999999999996,19.345287544261318,1.5,72.46486724733154,1.5,79.23020669565635,0.74,5.121561414959102,1.5,2.227055783128154,stairsdown
0.11,28.628262120224537,0.78,21.854394195234725,1.36,29.914393700210223,1.36,38.18301627085645,0.11,6.890437338547527,2.8299999999999996,1.3917509369043535,stairsup
0.13,3.112358954199601,0.02,4.749663742335878,2.73,0.6454811559936778,2.73,0.6282525352454077,0.11,1.611025740959446,0.02,0.5167961255731732,stand
3.8,33.60596083716385,0.97,19.841694347762814,1.89,57.85832441981177,1.89,62.2583939369344,0.9400000000000001,6.994200448818567,1.92,1.4075943923378909,walk
0.02,13.57635034790683,0.71,19.62006496693722,1.8,12.359133325396513,1.84,11.257228399412407,0.93,9.72589532082588,1.92,1.2249726965104937,bike
0.01,39.523643880428054,0.01,26.572788711194637,1.66,26.570302322802114,1.66,28.75648318847461,0.01,12.380466466535147,0.01,4.792454530095128,no_task
0.03,2.166050402320443,0.08,1.4153179611433033,0.02,2.5526882508906703,3.25,1.023181222224072,0.08,0.17359654205397868,0.03,0.3587784131445844,sit
1.26,42.64744470699821,2.05,11.997666453570401,1.27,48.75250344669872,1.27,55.861988481775306,0.65,8.846690322104426,1.27,1.562417660843829,stairsdown
1.4,22.469333616257522,0.6,32.07008642101393,1.32,30.258874186633093,1.32,35.09030823094034,0.63,6.659550614167553,1.22,2.2696383041438954,stairsup
0.05,4.1135928234200465,0.03,5.2800749796702435,0.05,0.7878447487410499,4.81,0.6386368503417986,0.05,1.5017585150252046,0.01,0.2650802639982499,stand
1.93,44.68563248466403,4.79,14.938436449983655,1.91,84.56669127187614,1.91,89.95912579755917,1.92,7.14566922653488,1.9,2.100128234331386,walk
0.02,12.833431789110803,0.89,11.913754020912826,2.1999999999999997,6.151739727816623,2.1999999999999997,6.562393177018715,0.78,5.611494247389718,1.72,0.8449888185846338,bike
0.01,29.90480453551528,0.81,8.73746462101383,1.67,21.432651035154336,1.67,26.948746666765963,0.060000000000000005,4.985448596446157,0.01,5.296388085960232,no_task
0.13,1.304696468723922,0.02,1.0409479701570028,0.01,2.037530616288403,3.57,0.7512650833576271,0.02,0.1367410174426078,0.13,0.2041820999227934,sit
1.34,9.424158598607624,0.2,9.756120674716739,1.36,33.301315602214316,1.37,35.403319964780465,0.63,5.485950860542646,0.09,1.1369408024278775,stairsdown
1.5,16.5508248099363,0.68,22.52670634655365,1.37,21.331584598514283,1.37,31.457514959011032,0.7,4.162194415915299,1.37,1.3698843096444853,stairsup
0.04,3.240459113758371,0.02,3.675604921363434,0.04,0.7600282569050816,3.7199999999999998,0.3290637980914891,0.09999999999999999,0.7915012998727309,0.02,0.3221607827693238,stand
1.89,17.663768100442173,2.8499999999999996,10.045583479769016,1.93,48.303955963856964,1.93,53.706642458526304,0.95,9.374246387959586,3.8099999999999996,1.8953463495696385,walk
0.08,-0.07354739089320927,0.03,0.5746586349349821,0.02,0.7734804096349733,0.02,0.9471588234548953,0.09,0.5162595797985398,0.01,0.13961884537668037,bike
0.45,22.75398688293534,0.04,4.5054864900993055,0.42,8.844631898627483,1.35,8.67525187621671,0.01,5.088746664131072,0.43,1.6182800505949253,no_task
0.08,0.04597429238155383,0.060000000000000005,0.029809502024935597,0.03,0.13696017331737667,0.05,0.04840752123699694,0.060000000000000005,0.003918597665795618,0.26,0.0035248824351732893,sit
0.59,11.917482310400768,0.87,6.643527452583536,0.6,21.90569444704569,0.6,22.87985964371012,0.28,4.818210669246555,0.63,0.648452408423884,stairsdown
0.64,14.432963948083925,0.05,10.676435300775362,0.76,13.905081484284311,0.76,17.422116547356463,0.88,2.963654058290233,0.59,1.2335399788775223,stairsup
1.9,14.825740038369958,0.9,15.842780946046963,1.8800000000000001,14.27562228512348,1.8800000000000001,14.904709937850653,0.96,4.793231970565111,2.01,0.8126653416927909,bike
0.01,32.554293552317375,0.01,20.475396658682083,1.69,18.57012940960113,1.69,19.89088626721434,0.03,6.868948661853107,0.01,4.181197964784937,no_task
0.03,1.7010914583384904,1.05,1.0103533547757124,0.02,2.8997454485851497,4.04,0.6157320519447189,1.05,0.13277530762728293,0.03,0.26558043534903436,sit
1.32,30.319000885193294,0.77,9.240326456861434,1.35,37.531109170196835,1.35,40.835600368131686,0.66,5.073144244217108,1.35,0.9051942423328984,stairsdown
1.55,18.28859847342188,0.79,14.139815285919203,1.5,17.155127998116726,1.5,23.217684786801204,0.7,5.53436257020578,1.44,1.0450731894354142,stairsup
0.04,2.302201318450589,0.04,2.6513206720418165,0.05,0.5486911177812022,2.8899999999999997,0.45503304544778556,0.05,1.062076071523048,0.13,0.310867564879303,stand
1.81,47.63614193477042,4.55,9.127438834132438,1.85,50.07413838750996,1.83,56.87216052164433,0.93,5.278448340436267,1.83,3.688012371491244,walk
0.02,12.103144190783487,1.23,19.800169805231,2.59,8.851503176238104,2.59,9.658892197156316,1.24,5.846494117360602,0.11,0.600477856799439,bike
0.02,23.440155075356454,0.03,17.34052117028903,2.1399999999999997,21.249284906342435,2.1399999999999997,24.84550166162386,0.18000000000000002,4.003098365903377,0.01,3.539882497514284,no_task
0.03,1.7729478992810885,0.06999999999999999,0.7613712456683852,0.01,2.1581203882368203,3.65,0.5335188368423622,0.06999999999999999,0.09936185897176801,0.03,0.25252982911439337,sit
1.77,18.30071045634927,0.9,8.0704864689586,1.75,39.635805480635725,1.75,40.64592990176107,0.88,7.896482758843593,3.5799999999999996,0.6233336984528806,stairsdown
1.64,19.065956610067666,0.79,13.079651058747633,1.56,22.347980652731092,1.56,24.205487851842104,0.76,7.0780819179682455,1.57,0.8675331183182734,stairsup
0.03,1.9407030312508373,0.05,3.29261110261672,1.84,0.3550573125981651,1.84,0.35910162513369337,0.08,0.48034760038297425,0.11,0.26708549363857187,stand
1.9,28.30873706243646,4.8,8.06837238643017,1.92,45.01041670115006,1.92,49.689199087268996,1.93,5.289886490044962,3.8099999999999996,1.2691746916195104,walk
0.02,11.411385717244988,1.28,17.94035661235801,2.5799999999999996,12.58012010400952,2.5799999999999996,10.891464743994545,1.31,5.653015855086234,0.11,0.6330991974178072,bike
0.02,22.925026001368703,0.03,15.971189399676984,2.1399999999999997,21.42656234861731,2.1399999999999997,23.329136426739815,0.09999999999999999,4.05228648475919,0.01,3.5802481709857332,no_task
0.03,1.3940600671747578,0.19,0.9296148301134503,0.01,2.319362665233385,3.01,0.5106882596376876,0.19,0.12931461643020103,0.03,0.21017696889525755,sit
1.77,15.172964039904016,2.6399999999999997,6.857037222803445,1.84,26.42761283270432,1.84,27.169106409801085,2.6799999999999997,3.397854146383323,1.6300000000000001,0.8839671781454291,stairsdown
1.6,22.603601650509237,0.87,11.612690379516401,1.58,20.347324432056798,1.58,22.929895613161378,0.85,1.7805972068578924,1.72,0.9590494601298298,stairsup
0.03,2.042870805522515,0.05,2.71395730164917,0.03,0.43529147259432505,1.87,0.35491112107245515,0.28,0.38534649010538674,0.11,0.22416944996892046,stand
1.93,36.88622554008217,0.96,14.690795857354546,1.9,28.587610800645354,1.9,30.66710354310497,0.95,2.471326750526196,1.92,1.76149736261713,walk
0.18000000000000002,15.588479132273278,0.18000000000000002,21.332187793229476,1.65,14.660989565768269,1.64,13.255653949588497,2.2199999999999998,8.836788193194742,1.59,1.0696678939559237,bike
0.2,25.88585670350181,3.0799999999999996,13.9594189219832,1.92,25.308969281363456,2.05,33.97472749137555,0.04,5.051099816869224,2.05,2.299975946930252,no_task
0.02,2.858358609583661,0.05,0.9605141222434872,0.01,0.9618787923715936,5.9399999999999995,0.4332490362715266,0.05,0.2029714583163791,0.02,0.31668324822902455,sit
0.95,24.661202041923016,0.52,20.515768411859042,1.0,28.813190833094435,1.0,37.676527612755265,0.5,7.49914526057941,1.0,1.4676840511408757,stairsdown
0.92,32.83250281430255,0.47000000000000003,43.61235886510982,0.9400000000000001,40.28067621497,0.9400000000000001,63.713066925508336,0.46,12.127165907708669,0.9400000000000001,3.5549822368649573,stairsup
0.15000000000000002,1.4456181835300783,0.09,2.0927362729970542,1.66,0.44135237472735067,2.3699999999999997,0.4934092778147056,0.02,1.1686720618736917,0.06999999999999999,0.2509736832376783,stand
1.77,38.981106215610694,2.6599999999999997,33.40695092594509,1.77,61.01989164307421,1.78,68.99260375978585,0.9,9.027944351974913,1.78,4.269564985305402,walk
0.14,20.795899671784277,0.14,25.508616050810822,1.53,16.050814214620694,1.53,14.747245500375794,0.11,4.8228239902583185,0.11,0.9991632860289159,bike
0.11,33.12833349780859,1.12,17.8794691465866,2.2399999999999998,30.391035458090773,2.2399999999999998,39.26291554742703,0.98,5.727900624344418,2.23,1.8554253494531878,no_task
0.02,1.4700537890107537,2.07,0.4898460519340633,0.01,1.1944692769497964,5.88,0.43449293467826716,2.07,0.10409063178665424,0.04,0.16748473346789505,sit
0.99,24.970431393261656,0.51,22.938972852824428,0.95,24.862802461282435,0.97,25.085447310904154,0.49,4.433968142795274,1.02,2.553679018878804,stairsdown
0.92,47.40942249944809,0.41000000000000003,19.181336102014868,0.95,31.049056062841768,0.95,40.32670304980974,0.49,7.929159344913347,0.9400000000000001,2.3252653633246707,stairsup
0.05,1.3571475283138716,0.41000000000000003,1.7747656466229829,3.7199999999999998,0.5895414596457594,3.7199999999999998,0.6014702317703159,0.02,1.597706074248578,0.03,0.17959737354716704,stand
1.92,33.935486696781396,0.97,63.44568203371827,3.8899999999999997,35.35347349162099,1.95,50.02407889768276,4.859999999999999,8.672245207567569,1.95,3.894246246699182,walk
0.53,7.049119947766463,0.53,24.844531272910007,1.41,10.592714311693456,1.41,8.846824262698124,0.7,4.319785754345074,1.33,0.6493354337537118,bike
0.18000000000000002,20.715072123519725,1.01,8.66222842941754,2.05,25.752957200282836,2.05,30.80880265406078,0.09,3.7421560166495835,0.03,3.7761708933028344,no_task
0.02,1.926906734632122,0.05,0.42791436835938107,0.04,0.5844919451264332,5.29,0.26865241065643436,0.05,0.10844418997001133,0.02,0.21081287408635627,sit
1.11,24.692306477851712,0.52,12.082249205068507,1.24,11.919440500188015,1.04,20.726416908320537,0.55,4.806344529878341,1.04,1.570953469228205,stairsdown
0.99,32.15455420082916,0.51,22.795624130325898,1.06,15.92602925753317,1.0,21.660528863328434,0.5,4.545920163115414,0.9400000000000001,0.9736621837516583,stairsup
0.05,1.6657409992149252,0.53,1.155811833252764,0.05,0.3886414769538354,5.38,0.278368820073159,0.02,0.9513123707414843,0.03,0.19015309796977017,stand
1.86,28.953480090516617,4.63,14.648663661342265,1.85,49.3606879202234,1.85,48.58787520551832,0.9400000000000001,5.632818583482264,1.79,2.0363090374051445,walk
0.02,1.4224934002201013,0.05,0.2248501615130059,0.01,1.951752098106566,0.01,2.0899143071132227,0.03,0.22887939121068082,0.03,0.05731765204956406,bike
0.05,1.878288224315316,0.01,2.392214223281557,0.04,3.1278892718309623,0.04,3.9973069098115923,0.03,1.0449836397971053,0.03,0.38343549646136627,no_task
0.01,0.0708794469651718,0.01,0.1211462242581525,0.02,0.07850035320781394,0.04,0.029479536195288564,0.01,0.017341110917688453,0.01,0.012633281204446695,sit
0.22,9.645276584847261,0.11,13.669210113869108,0.28,9.45954172201672,0.28,9.675584499489679,0.05,1.238236353212451,0.23,0.5284613160390849,stairsdown
0.25,13.90067200566962,0.14,12.888734500197868,0.25,13.816683479591495,0.25,8.620051914941223,0.13,3.0460854402698185,0.23,0.5938044998408417,stairsup
0.01,2.112615378987131,0.09,0.5421279725118927,0.01,0.5668442556694243,0.18000000000000002,0.1966435588847424,0.02,0.2987400650421886,0.13,0.04208688990198166,stand
0.23,10.081450694718985,0.16,6.940039895142022,0.52,7.970779327289287,0.24000000000000002,8.697110822337137,0.15000000000000002,1.8278436985450708,0.18000000000000002,0.5309407031638154,walk
0.04,14.485340601726682,0.73,19.722538553050736,1.6,11.931312258491127,1.6,11.452578123353952,0.76,4.768351931747521,1.47,0.5677404189794034,bike
0.09999999999999999,15.358175691034557,0.16,10.448242131154423,2.38,19.071959038552027,2.25,21.4380817226505,1.14,4.038604801962383,2.26,1.4594229306459356,no_task
0.02,1.4134201500591657,0.02,0.5998482697615302,0.04,0.61231096561112,3.6599999999999997,0.2932282379186105,0.06999999999999999,0.0938922410285152,0.02,0.1808201229317059,sit
1.18,19.57066977901316,0.56,9.775194332126327,1.24,25.77730359006598,1.24,33.15262015726587,0.63,4.620051337397084,1.19,1.170356067363915,stairsdown
1.11,18.94433873025544,0.56,18.31805445012084,2.1999999999999997,11.762563380638902,2.1999999999999997,13.251237553358235,0.55,6.79617973462976,1.08,1.548445921037721,stairsup
0.11,1.1243300120806852,0.42,1.129795375540311,4.529999999999999,0.5446060787367504,4.529999999999999,0.5077163407069212,0.02,0.9336733817122219,0.03,0.1431213230804928,stand
1.95,27.625103684193384,2.8899999999999997,18.926203116517435,1.96,46.55317758027542,1.96,58.64206849936457,2.9299999999999997,3.7155322838585216,1.94,2.6911971230061393,walk
0.060000000000000005,7.710028028378212,0.73,16.043668457693514,1.52,10.687200679858675,1.52,10.004989673606854,0.11,6.72920895956075,1.47,0.6958986270256929,bike
0.22,19.77005802537973,3.4299999999999997,14.894115690930393,2.15,18.534218920892183,2.15,15.81548532105605,1.07,3.8406372764380947,2.28,1.7972280236179141,no_task
0.02,1.8226994424226448,0.03,0.40331813466464267,0.01,0.6151108664612541,5.4799999999999995,0.41329042525683785,0.22,0.09565425219103539,0.02,0.21289027581919517,sit
1.07,21.15233252863584,0.51,12.497569647168536,1.16,16.117933023464186,1.16,19.417687484727136,0.52,5.552955672589929,1.03,0.9131423500863507,stairsdown
1.0,15.820750403930308,1.5,17.407263381875282,0.99,18.89325010661605,0.99,19.88584065929648,0.52,6.577079454434593,0.95,1.320734930610355,stairsup
0.09999999999999999,1.5465381918756842,0.58,1.2935037793004827,3.98,0.4543277253770526,3.98,0.40606566981121234,0.02,0.7200933161555125,0.58,0.12000500973261118,stand
1.96,22.161030439656,0.9400000000000001,26.533444355832067,1.92,81.83925826820827,1.92,103.80808850816975,0.97,5.232283560959257,1.92,2.884478586523104,walk
0.06999999999999999,10.432524271520071,0.96,20.41144077441298,1.87,8.716175996185246,1.87,7.9196858198809,2.0199999999999996,2.97972756417913,2.1199999999999997,0.6220589892182437,bike
2.71,12.84321925012832,1.2,9.744188770259916,2.5199999999999996,14.30280028362208,2.5199999999999996,15.90345223242779,1.07,2.8108822845764534,2.7199999999999998,1.2567128725595094,no_task
0.02,1.26616975197961,1.42,0.3219044150079493,0.04,0.5016237836564287,6.05,0.34727229973169665,0.06999999999999999,0.0691116737540702,0.02,0.1419798807335077,sit
1.4,17.049734098476605,0.7,12.290900468205379,1.31,23.130290080589724,1.31,28.246324029329514,0.68,7.048959035532716,1.31,1.0407926269595669,stairsdown
1.16,12.203489265310209,0.61,26.32957273589952,1.17,12.843853772643616,1.17,19.814259460250902,0.59,5.85889838649331,1.17,1.1833513460579732,stairsup
0.08,1.587634173338127,0.47000000000000003,1.1342087073442306,0.08,0.3574573371864165,4.2,0.3103786735083607,0.02,0.6220343627387893,0.12,0.10258186364092006,stand
2.0,38.02894774772604,2.96,21.211728231814504,2.01,45.23284464846624,2.01,54.940025138155434,1.0,4.614129112811962,1.99,2.2309510982623895,walk
0.06999999999999999,10.141452436519321,0.96,22.407607266223327,2.0,8.427852658255414,4.2299999999999995,8.075625987778734,0.95,3.2580783689429245,1.98,0.6005656762221198,bike
2.7199999999999998,11.80934665793568,1.34,10.29082582262312,2.59,16.753848563715167,2.59,19.41331709151064,0.08,3.593837246329501,0.03,1.5042275366182378,no_task
0.05,1.268656508795581,3.5399999999999996,0.24413421570811206,0.06999999999999999,0.45393139430922735,4.8999999999999995,0.2549966149104089,0.04,0.11891358353366012,0.05,0.1259095136289041,sit
1.33,15.240947075585508,0.62,11.9755430531046,1.41,12.993575810968949,1.41,18.063551373733247,0.68,4.757686317838602,1.37,0.7804577966702658,stairsdown
1.16,8.348706478828543,0.6,33.62851149520624,1.21,22.691031836362257,1.21,24.248566112470094,0.59,6.177627935539366,1.19,3.482925978444076,stairsup
0.08,1.3107122558662938,0.47000000000000003,1.1196433112107353,0.08,0.37187700774418103,3.65,0.3482671364827402,0.56,0.26087970885755707,0.25,0.1386367083286556,stand
1.94,16.557655854488075,0.97,21.687337292312375,1.93,29.970946517337573,1.93,40.0938384618909,1.99,3.385916165063782,1.99,2.698253592706436,walk
1.27,25.46903452303739,0.62,18.36819368333849,1.3,19.567594893559985,1.3,19.714705755208925,0.66,6.208296280719133,2.51,0.5721357491457881,bike
0.02,24.201619502449336,1.27,21.268037891082347,0.87,18.791157819392,0.85,28.81804069456592,0.39,3.1856464330887997,0.85,1.9077198883072815,no_task
0.060000000000000005,2.530437917492568,0.04,3.327420126291641,2.88,0.29098849404260385,2.88,0.2756624736522549,0.04,2.310651748290626,0.060000000000000005,0.22026738598890544,sit
1.78,38.87053247114037,2.63,17.78901071560326,1.74,45.987022457942906,1.74,46.67759992463788,2.71,3.1099188016688646,2.8899999999999997,1.9931530004569142,stairsdown
1.44,33.60377467493593,0.8,40.621960325473374,1.54,33.308901262299734,1.54,32.96682780822917,0.76,6.184758392802328,1.7,3.103628786362762,stairsup
0.01,8.974334684601647,0.03,2.135093853477283,0.01,6.002477697723176,4.33,0.7249725658552543,0.05,0.7123241250006063,0.13,0.34176282216898496,stand
1.48,52.448222813975065,3.75,39.431695077914945,1.49,54.68923235354645,1.49,45.52135914350684,0.74,5.813234299928339,1.52,3.0018211227911142,walk
1.45,17.696141159614648,0.71,18.499271285530714,1.29,10.850584551700008,1.29,11.28668036312926,0.6900000000000001,20.338498647056287,0.6900000000000001,1.3879626279876254,bike
0.78,38.805168124926766,1.16,12.105561566265077,1.54,15.589349503859747,0.71,20.376470743941848,0.01,4.171130739163279,1.57,1.3331314033121315,no_task
0.060000000000000005,3.3125715480863733,0.04,2.8423570131883245,0.05,0.3935288493264067,5.59,0.32111906175106597,0.04,1.8302319741862805,0.060000000000000005,0.32047327640229695,sit
1.6,24.812656906040047,0.83,16.746800558318924,1.6300000000000001,31.56121397900906,1.62,34.919174667867125,2.6599999999999997,3.4170008557156315,1.72,2.008969363759965,stairsdown
1.55,29.06860697955556,0.73,25.32230691720512,1.43,28.83778912845358,1.59,38.821550228754305,0.76,10.339465500726536,1.48,3.302885623579787,stairsup
0.01,6.293543799361946,0.27,2.5810785535379006,0.01,4.1355613386392776,3.57,1.0056880532738566,0.47000000000000003,0.5170654831823588,0.04,0.36559404390653705,stand
1.54,58.735405885134156,3.88,22.591833235518568,1.55,73.20004333300027,1.55,88.78005151613682,0.79,10.386668106929392,1.51,3.363077570688554,walk
1.46,16.283832577101457,0.66,20.184073127510786,1.45,14.02080244901115,1.45,14.31794495215348,0.75,5.733127201517198,2.05,0.4809770591329729,bike
0.93,17.113252785870575,2.3099999999999996,16.722190983229385,1.87,12.50574610626273,0.91,12.725145629092307,0.48,3.05744601113947,0.91,1.0347699631869263,no_task
0.060000000000000005,2.225911638951107,0.05,1.5592189731390695,0.01,0.21120664532678265,4.92,0.17086443915820304,0.05,1.044186909752285,0.060000000000000005,0.23786760147506616,sit
1.74,22.308150590498908,2.6999999999999997,16.070348148969405,1.79,26.957221470123617,1.85,31.975477630976687,0.7,2.0059669473230515,1.78,1.226032139156723,stairsdown
3.1399999999999997,27.196872636401732,0.76,15.519408936700582,3.0,19.873306983864147,3.0,25.42768852082575,0.7,4.745823319826717,1.58,1.4133187155362796,stairsup
0.01,6.005669575476382,0.17,2.248624421236759,0.01,4.021795812819639,1.05,0.7103633759489866,0.24000000000000002,0.33239056287278185,0.02,0.38937793273837634,stand
1.49,34.17414144586567,0.73,47.334468450781834,2.94,39.1498368346373,1.52,38.138647339380015,3.67,5.386372643951335,1.5,4.101359482198033,walk
0.12,6.774863600072175,0.01,3.320778103084027,0.23,3.4628592989395153,0.23,3.4627016116932015,0.06999999999999999,3.6092233725637337,0.06999999999999999,0.2426670357030543,bike
0.17,12.88150287407263,0.42,8.449173797547738,0.15000000000000002,20.53557305732269,0.15000000000000002,23.686485428400438,0.08,1.6667901173928805,0.18000000000000002,1.0499191704598183,no_task
0.03,0.7543485631701174,0.3,0.32239207619875676,0.02,0.18472371460913348,1.39,0.1055833703048433,0.3,0.1726113463282621,0.03,0.0588068527356272,sit
0.37,12.618045478307911,0.19,9.467442759255709,0.48,12.544617563687297,0.48,13.212944161181554,0.25,1.3260941169369358,0.33,0.952843649411939,stairsdown
0.26,10.699119867321096,0.2,10.842160852322614,0.24000000000000002,10.00401034885858,0.6,8.296210163767318,0.16,2.8536329722067557,0.28,0.9821415730993918,stairsup
0.33,13.837255158139714,0.16,8.080398910640092,0.26,12.44785129042581,0.63,12.068045703124138,0.15000000000000002,2.011988549836849,0.34,1.0526096301085313,walk
0.7,10.476045613428967,0.77,19.24532719214204,1.53,27.81617446174725,1.53,28.175437155146756,0.7,7.830778892009612,1.49,0.311997050286276,bike
0.95,26.220266804807764,0.47000000000000003,16.228384533053053,0.9400000000000001,17.383432459265357,0.9400000000000001,23.077963261095174,0.01,2.093982253021898,1.8800000000000001,1.0928642837790619,no_task
0.060000000000000005,2.15481004214328,0.04,2.17852097038529,7.8999999999999995,0.23940447851351213,7.8999999999999995,0.24109438019086002,0.04,1.5402438102679163,0.060000000000000005,0.18246258132184492,sit
1.83,37.60152051580697,2.71,18.04807074245014,1.8800000000000001,24.179587196039343,1.82,22.973895081952712,0.81,2.0414322090339714,2.03,1.7784615290397776,stairsdown
1.6,25.515714192736763,0.75,43.343538341526816,3.21,27.711762014999024,3.05,22.84356058538163,0.74,5.649844931943373,1.51,1.3264621341217013,stairsup
0.01,4.134291349567529,0.05,1.444328241641127,0.01,2.3687108098921645,4.56,0.6021097913863568,0.02,0.6276450240120399,0.12,0.2398336405896875,stand
1.55,12.718859507266163,0.73,23.965929359739295,1.53,48.83034955562142,1.5,66.60486279459518,3.76,5.911857099142938,1.5,1.9301585203505893,walk
1.5,18.355375421951333,0.75,11.899834447839268,1.53,26.38753402125609,1.53,26.218121240447797,0.68,6.767792983687402,1.49,0.33687226250825586,bike
0.04,15.459705106926698,0.42,22.22181594228061,1.73,20.874417093002272,0.84,21.25027684457199,0.44,3.8159530592027395,0.86,1.4793514565000916,no_task
0.060000000000000005,2.1986083683943964,0.05,1.5529037595464663,0.05,0.2388995172826936,3.4,0.19111495570291526,0.05,1.056489522786354,0.060000000000000005,0.2355160151715781,sit
1.61,18.11196052082038,2.69,15.310931088894295,1.82,37.35665704194889,1.82,52.86581342955283,2.7899999999999996,2.290962628211372,1.86,1.7116765413014057,stairsdown
1.56,24.186157256829137,0.73,25.163583701360825,3.03,28.409155450916142,3.03,25.39465957758544,0.72,4.932874030370168,1.47,1.8312870515563058,stairsup
0.01,4.376967713892362,0.28,1.7364829633183723,0.01,3.2464674580466863,4.08,0.8676774068328112,0.03,0.4982169673512944,0.08,0.2499295137178196,stand
1.5,33.958055477774586,2.3,20.55516420692889,3.07,50.704030732235125,1.52,50.773715044842035,3.8499999999999996,5.295335117751509,1.49,3.094483538277037,walk
0.8200000000000001,9.510981341377548,0.84,17.065856019500913,1.76,12.612063554917428,1.71,12.50365584131932,0.8200000000000001,5.59439683607978,0.8200000000000001,0.7970619885220841,bike
1.03,14.190680648452929,0.49,10.473582039913117,2.1399999999999997,8.680975413039924,1.09,9.642228091831791,0.52,3.334679181468209,1.01,1.1371652376371353,no_task
0.060000000000000005,1.3732177860898138,0.03,1.1393643800337345,4.029999999999999,0.2390195235468298,4.029999999999999,0.2324376837550604,0.03,0.5832092641336107,0.060000000000000005,0.13879663662410724,sit
2.03,15.564275712330954,1.11,17.033219720579968,2.57,19.503425210165798,2.57,25.27498284493162,3.5599999999999996,2.2347828243539936,2.7399999999999998,1.1048531192155442,stairsdown
1.61,15.989867336963638,0.8200000000000001,14.110351811752087,3.73,19.424749093448998,1.83,19.035813817521536,0.91,3.1809769499807143,1.94,1.8233419215658508,stairsup
0.01,3.999413946621251,0.14,1.4161013147056147,0.01,2.603432666007465,3.5199999999999996,0.4809764723644776,0.02,0.7023447233583477,0.09999999999999999,0.24651128719413387,stand
1.64,46.07009197839272,0.84,20.691882626523515,3.1799999999999997,42.7425205744013,1.61,33.24615107151176,4.02,2.6376058203727033,1.66,2.4287655716674403,walk
1.71,10.183109426153218,0.88,21.61118558345337,1.68,11.427326838939601,1.68,11.84170954534508,0.89,5.854294040497677,2.5199999999999996,0.30891435122938077,bike
0.01,14.474341895051085,0.51,9.996023432566504,2.05,16.657151302149348,1.04,25.82180173277324,0.01,2.4844261539215773,1.03,1.151985738955124,no_task
0.060000000000000005,1.3670997642760194,0.03,0.889711755407479,1.91,0.2673446138793863,1.91,0.2327045223773678,0.05,0.6192047160028752,0.060000000000000005,0.11504098018676188,sit
2.26,16.64731034961,1.23,12.941529817890776,2.0999999999999996,20.039644737969574,2.0999999999999996,29.012999658959465,3.78,2.1712934077209116,2.3299999999999996,1.2316772105592049,stairsdown
1.94,15.833679871283037,0.88,34.80427392114295,3.69,21.289699026484076,3.5199999999999996,19.56520514885279,0.91,5.761786757215609,1.86,1.0319918551238814,stairsup
0.01,4.427574104218851,0.05,1.3852156809430443,0.01,2.6392907420227067,5.77,0.5287840243793029,0.02,0.6051120582436907,0.04,0.21629610145627445,stand
1.67,31.902220872301942,4.17,13.852560112058985,1.64,33.508452424368855,1.64,39.872395018815084,0.81,5.29631149044628,1.58,1.3619446018692747,walk
0.02,56.687256175502235,0.09,8.953915210752566,3.25,10.741012625974262,3.25,11.347954548996928,0.7,7.577165270534404,0.03,1.8797135708886907,bike
0.01,65.69629859971461,0.01,26.5109019492559,1.43,20.186845888549893,1.42,21.28154688249699,0.01,12.712952837117543,0.01,3.620705866034834,no_task
0.24000000000000002,1.0224108459127246,1.9,0.26579269298964114,0.01,0.4664480144676037,6.27,0.15880732239259757,1.9,0.05007142343760571,0.24000000000000002,0.11135984242739189,sit
0.18000000000000002,12.628362064707757,0.58,26.46513348518608,1.15,52.84298810090719,1.15,56.07897436745277,0.56,17.68490877665688,1.15,1.1148994062822255,stairsdown
0.08,16.882764585062024,0.56,42.023850964284776,1.15,31.96326640824073,1.15,34.792246531788564,0.54,9.705929215003318,1.17,0.9148661396471202,stairsup
0.23,1.8757763791964355,0.09999999999999999,2.469185118638268,5.859999999999999,0.4361466346981967,5.859999999999999,0.4340893843309806,0.04,4.7019750975600525,0.03,0.5262398699785751,stand
1.72,42.46310556971681,0.86,52.1549204614879,1.73,99.96113494369634,1.73,117.85368648753959,2.61,12.5740647664696,1.73,5.143291360474908,walk
0.02,22.670618773014038,0.88,18.458069325220563,6.59,8.986755656291047,6.59,9.422400335475263,0.9,9.233001585580821,0.05,1.3298737600538109,bike
0.01,47.70353554183592,0.01,13.060727586653764,1.35,30.839598480309768,1.35,35.394631702209715,0.01,7.171164938409841,0.01,3.6511787730495695,no_task
0.19,0.5054767532683263,0.12,0.29833061910880365,0.23,0.4186008727450797,7.859999999999999,0.18684161259467352,0.12,0.06089059714639182,0.19,0.056851062545031646,sit
1.2,14.065982443784574,0.6,29.097567410721673,1.17,57.52426735073541,1.17,62.20257923877696,0.59,5.290536984286411,1.17,1.5571443359674462,stairsdown
1.14,20.59484485870401,0.45,11.432852630286494,1.01,23.127602924084773,1.01,23.889620313981485,0.53,8.599522595545347,0.18000000000000002,0.966427296244734,stairsup
0.09,2.9275877812069098,0.02,3.259584651432713,5.27,0.4589942780301161,5.27,0.45313949830615347,0.09,3.88140169517016,0.04,0.3579397732143074,stand
1.74,70.34751808241091,4.35,25.35491187064969,1.74,47.312753434843195,1.74,42.07911852948277,2.6199999999999997,7.167534483443207,3.5,2.0341557407870146,walk
0.03,16.115284821095603,0.77,14.672131978334017,4.58,6.723184421723171,4.58,7.238824720384819,0.62,4.1825746181664805,1.56,1.0237276741388739,bike
0.01,39.02765366623247,0.01,12.121662446413355,1.45,16.411588788088842,1.43,15.70383858945456,0.6900000000000001,5.120648973454593,0.01,1.5199609881533906,no_task
0.3,0.4745804645876995,2.01,0.131356260816651,0.01,0.316519011942385,6.069999999999999,0.10884878686461424,0.08,0.028341285312112066,0.3,0.052208980305902666,sit
1.17,10.020379584274512,1.68,8.121780788663408,1.2,38.68398672592902,1.2,40.56460446637372,0.5700000000000001,6.992866976149525,1.08,1.374936193819106,stairsdown
0.97,12.351053505427029,0.42,14.838114122705537,1.0,18.541385128351592,1.0,20.401134277161418,0.49,5.984439587434875,0.95,0.88496881218191,stairsup
0.27,1.7829786917243198,0.02,1.3570336074119873,4.7299999999999995,0.2808431204155813,4.7299999999999995,0.300786719406427,0.01,1.9399543981723812,0.04,0.2563962298993009,stand
1.72,19.946729272604756,0.87,34.24108507624004,1.73,37.85098807292799,1.73,46.86795466409448,4.4399999999999995,4.300205434476077,1.73,2.548650866292267,walk
0.04,1.8114121966772758,0.04,1.2991745190659727,0.03,2.528709123737599,0.03,2.6571943463349372,0.11,0.6558807534763283,0.11,0.13044464005330153,bike
0.02,5.138974848083947,0.03,4.017586269892793,0.23,4.893847548453515,0.23,4.6898817303931315,0.18000000000000002,1.4248182285496105,0.05,0.4221941794937077,no_task
0.28,0.15929983798825276,0.2,0.08131914699161488,0.01,0.17667174613809927,1.07,0.09475451116775263,0.02,0.024565413772575963,0.28,0.015513243803167574,sit
0.060000000000000005,1.4223722590397625,0.060000000000000005,0.72431503754727,0.01,7.701517080355642,0.01,8.227561330602414,0.02,0.6361782442414914,0.02,0.15455745456303863,stairsdown
0.060000000000000005,0.7913739870079162,0.04,1.2490687868236694,0.01,5.743656432587342,0.01,5.522639806170646,0.02,0.40766300451455384,0.02,0.14908227786143186,stairsup
0.04,1.1478951148515724,0.03,0.4961461610932918,0.22,0.13531011708207313,0.22,0.1566434890144899,0.01,0.6087682821698845,0.02,0.051572501768277136,stand
0.41000000000000003,17.58716067140881,0.76,3.835239879296974,0.31,11.86463082333635,0.31,13.922140822717038,1.41,2.0547698642302783,0.4,1.9045151830569589,walk
0.02,24.11645458425956,0.79,11.754677910570175,4.35,7.598195676708512,4.35,7.599579539197466,0.74,5.902570293470847,0.05,0.738731020727137,bike
0.01,44.29717073438444,3.65,15.083975609601321,1.45,25.507001766394342,1.45,27.119929453130595,0.04,8.467493371409986,0.01,1.9357096878568465,no_task
0.32,0.37412795328799425,2.0799999999999996,0.21269236244752615,0.01,0.40642711336023274,8.23,0.14499058154654285,2.0799999999999996,0.03732714880587537,0.32,0.0481316615137568,sit
1.01,8.46660843879365,0.58,15.99126000832702,1.12,36.40072264724823,1.12,39.094327922514324,0.55,14.929068642984515,1.12,0.9281760747485758,stairsdown
1.0,16.23745792858372,0.62,15.407345969011697,1.21,17.084903106292977,1.21,17.944997452560422,0.55,5.133029353611272,1.19,1.0917555755097696,stairsup
0.12,1.7820940548327413,0.27,1.4382517146452816,5.43,0.5302163153719366,5.43,0.5136839754957196,0.01,3.030969596327746,0.02,0.26255567464340585,stand
1.72,41.77275407282269,4.27,13.079409788677454,1.71,49.13765548185483,1.71,55.46698620117745,3.4299999999999997,3.5070435412863445,1.71,1.8489901263126527,walk
0.02,20.39605036607702,0.6900000000000001,6.849122530421774,4.66,6.729943618235975,4.66,6.842029914116216,0.04,3.255927429154548,0.04,0.7775586949168307,bike
0.01,51.81982452317464,0.01,14.650829734381647,1.3,17.01464920130848,1.3,17.958457501875408,3.32,6.389413792509296,0.01,3.1866594529488723,no_task
0.25,0.7795854280620904,2.36,0.19392405528245105,0.01,0.4662816061477168,5.84,0.13220730548076998,2.36,0.040942310954707066,0.24000000000000002,0.085370528867235,sit
1.0,7.639291042475282,0.55,10.473958300298063,1.06,17.820376874978262,1.06,18.55389887535341,0.53,6.801207527009918,2.0799999999999996,0.7504462818582,stairsdown
1.15,12.288226532224137,0.16,9.126933900502033,1.1,15.40252429696095,1.01,17.925191009155466,0.55,7.939013523216409,0.09999999999999999,0.5914938557063472,stairsup
0.060000000000000005,2.266657764724571,0.02,2.7904948589243723,1.76,0.32755317967124964,1.76,0.3490311170289479,0.01,3.9751777892152456,0.13,0.14719927207459993,stand
1.74,21.760187986793948,4.34,20.8585550020096,1.71,46.96131640149187,1.71,52.248047166970544,2.61,5.731668289975088,3.4699999999999998,1.8140706600586354,walk
0.02,27.656337747854046,0.93,7.469712631080808,5.08,4.986382372926462,5.08,4.914839175919144,2.0599999999999996,3.5178934230151344,0.060000000000000005,0.8579334497734675,bike
0.01,49.028143539081015,0.01,15.582748216025342,1.72,17.36571388912705,1.72,19.383301706450602,4.35,4.6181976690181905,0.09999999999999999,1.0913383026066366,no_task
0.24000000000000002,0.4999640255640078,1.26,0.17062837842702513,0.01,0.25895267871257666,8.62,0.14960375845090618,4.63,0.03146020531619047,0.24000000000000002,0.053822795005858515,sit
1.56,10.386949713781489,0.75,20.19819216364188,1.54,25.90526268898493,1.54,26.677756314686405,0.73,6.220413040161479,0.87,0.7853604947984361,stairsdown
1.33,9.772446938352115,0.6900000000000001,7.222989483784379,1.53,18.980693774620324,1.53,20.903171371205865,0.66,8.413483541327233,0.11,0.8935342655400046,stairsup
0.08,1.5380384075963522,0.11,1.246695367593206,3.0199999999999996,0.3089554899393204,3.0199999999999996,0.3322155981557124,0.08,1.2941165821642486,0.04,0.20726701433061537,stand
1.74,26.36720613059366,0.87,30.95930593931847,3.53,26.196721302651266,3.53,23.65047269429542,0.87,8.89925759997611,1.75,1.8276765755579039,walk
0.02,26.49392945866906,0.91,7.259990410576485,5.2299999999999995,5.875345698277103,5.3,6.145270947108136,0.9,4.444507970541514,0.060000000000000005,0.8561227715531734,bike
0.01,49.400948735333586,0.01,11.933315798190815,1.74,42.22086468852617,1.74,44.82141709242319,0.04,6.3644538981811065,0.02,1.2385122979149672,no_task
0.28,0.3551369105212765,2.3699999999999997,0.14937449303655573,0.01,0.2522766050429958,9.28,0.16744038711401243,5.1899999999999995,0.03068424153753315,0.28,0.03584962235755068,sit
1.53,7.788070375241725,0.78,11.196241682469244,1.51,30.79336840212013,1.51,31.94690468966561,0.72,9.786799301510626,0.11,1.336243049051055,stairsdown
1.41,10.153745683924322,0.7,14.421561251222608,1.48,19.031996366816625,1.48,23.548818877419905,0.6900000000000001,4.983681512776861,1.3800000000000001,0.9035475739297593,stairsup
0.08,0.8985043027344494,0.02,1.0428132494641738,5.34,0.2692157914126696,2.3699999999999997,0.28398346191060136,0.04,1.9526138531827053,0.02,0.15722327067899103,stand
1.77,13.678052183075945,0.87,27.16748091923078,1.75,73.05172233387239,1.75,78.47547785266916,4.3,5.249452159422135,1.76,1.2257732251408042,walk
